	iTRAQ8.113	iTRAQ8.114	iTRAQ8.115	iTRAQ8.116	iTRAQ8.117	iTRAQ8.118	iTRAQ8.119	iTRAQ8.121
O00468	-3.41394771369119	-1.77484072766794	-3.19762381680012	-3.38315508667491	-3.9385507432512	-5.18125351161811	-1.93006225871853	-4.21326118980557
O00515	-3.23459952215775	-3.11938452924427	-2.08382993530541	-2.07717171400894	-3.36739397970388	-5.74991738716237	-5.50657889651879	-2.57050903708184
O00764	-3.74696305383198	-2.98634238427295	-2.90561095008391	-3.38421361324161	-3.67229011543674	-2.86818302641205	-2.04983103998064	-3.14314882200547
O14618	-3.39608217292172	-2.93651193390659	-3.02957309955502	-3.10331215111013	-3.97705209715941	-3.83880507247203	-2.51175749796161	-2.1403246746992
O14964	-2.15804896157072	-3.73414448463303	-2.84643735830608	-3.06791615638005	-3.35505049810426	-3.64181681190264	-3.27840856889403	-2.62952597429511
O14983, P16615, Q93084	-3.42977680168005	-3.42622499179654	-2.65673307595226	-3.15142922503891	-3.50434395129722	-2.78960354202738	-2.78279408183999	-2.59949960950451
O43707, P12814, P35609, Q08043	-4.06879864031847	-2.91240232504189	-2.89406563775654	-3.87483997728412	-3.25638508011273	-2.85390851536192	-2.501685729908	-2.43161100351199
O60361, P15531, P22392	-3.82069849826573	-2.9263494790657	-2.63670847705323	-3.65754586519926	-3.38301742372169	-2.84406163018633	-2.88718641470473	-2.41616351721699
O75165	-3.90187936532032	-3.18667878598374	-2.37763375024033	-2.97579678003657	-3.06695952891254	-2.94577879773013	-3.06487417442398	-2.88777494015815
O75369	-3.10613747314312	-2.62926619813075	-3.07499300628289	-2.50412544153143	-3.14803588456201	-4.49163692149191	-2.71552838035901	-3.0856739178568
O75828	-3.26869217671125	-2.814122294214	-2.9369748478806	-3.36524324594373	-3.19659214255265	-3.34982399064499	-3.11910594547146	-2.29213925332277
O75828, P16152	-3.25273154859877	-3.0677587463978	-2.925202743005	-3.08222299172827	-3.83615770691744	-2.25813242520631	-3.24873986064554	-2.81774352416759
O76071	-3.7563780673222	-2.72015607764883	-2.20493516599846	-3.87420156122061	-2.6135321734167	-3.52955668036891	-3.09488421266872	-3.03365709092484
O94992	-2.33124586424732	-3.48235532235495	-3.11426867298119	-3.3057494487983	-2.92473492427585	-3.90740422336984	-3.52323911018971	-2.25229973914075
O95399, P11021	-3.59890800222536	-3.59180824959492	-2.67248468865032	-3.13159377381715	-3.14974351575484	-2.60040155698448	-2.8890022207294	-2.72733581992104
O95573	-4.34869704006665	-3.73940481889927	-2.38111212204012	-3.51877416496897	-3.09451224848811	-2.74967835544596	-3.82080453731826	-1.94166668704287
O95861	-3.53840707437493	-3.21975283967848	-2.14545381548236	-2.59397768594846	-3.71272642308187	-3.2025432102315	-3.29363664786687	-2.96506147046055
P00167	-1.50843479462014	-2.73790793479426	-4.11834552664371	-4.8496201628442	-3.13000144979009	-3.85417436655101	-4.44310780403744	-2.49820826032723
P00505	-3.60919748697404	-3.55633281108885	-1.59793644636852	-3.1443828676325	-3.68346672196501	-5.19233808893299	-3.77379769692118	-2.24254057790741
P01009	-2.69948366059625	-3.16745600520068	-2.74390614332456	-3.68303816827444	-2.94806781070907	-3.95104858058376	-2.77898732630037	-2.57620652973737
P01591	-3.64090300505845	-3.33434608639991	-3.69995089629296	-2.10520544528121	-3.28338108482709	-2.21027144402814	-4.04469329162724	-2.9221464868051
P02042, P68871	-2.37725045949143	-3.92505949264605	-5.22779201239033	-0.930899250933759	-4.0065595973835	-4.29032186608174	-4.39895807494749	-5.0709412807603
P02533, P08779	-4.8220985105652	-3.41925088689692	-3.6737553170529	-2.1471065936693	-3.70772780351102	-2.26459152003901	-3.77707341949191	-2.25525020120025
P02545	-3.28653108954023	-2.74068659718516	-2.63906063722078	-3.93945561550661	-3.18136440075239	-4.30970985458444	-2.67002245654403	-2.2904762721308
P02768	-2.58642876324508	-2.60591593720129	-3.16035926238418	-3.22177690595789	-3.44814944432478	-3.56230168317218	-2.58734580650758	-3.21714488276305
P04040	-2.67362474702167	-2.90505804501845	-3.1541600454894	-2.35959915771122	-3.90855854585096	-3.4229490980626	-2.83762041102008	-3.28111648095803
P04196	-3.86827887091616	-2.52480083929466	-2.34669027928898	-3.68131865236468	-4.08374879738783	-3.49907892427708	-2.39551091320912	-2.77852770162065
P04908, P0C0S5, P0C0S8, P16104, P20671, Q16777, Q6FI13, Q71UI9, Q7L7L0, Q8IUE6, Q93077, Q96KK5, Q96QV6, Q99878, Q9BTM1	-3.3980763781775	-3.06476304216417	-3.04857328682043	-3.5809054018821	-2.65844158642544	-2.91939381337165	-3.23292747995088	-2.44016687124889
P05141, P12235, P12236	-4.1936921092119	-3.17284247753182	-2.88372382261445	-3.82548790212735	-3.25953029156185	-2.00681090565423	-2.87961259450358	-2.8435612383597
P05141, P12235, P12236, Q9H0C2	-3.92775929539931	-2.76672018770091	-2.6690119297848	-3.45127652709747	-3.15286127341141	-2.67292874759094	-2.7771723857109	-3.01653539883836
P05164	-3.0874415968419	-4.72688715061288	-4.84120814473628	-3.46357209155555	-3.63715224884676	-0.843681328736959	-4.33794536413975	-4.96518443785146
P05165	-2.64967987889653	-2.54839311946374	-2.42424426336277	-3.06887004192899	-3.29614658905094	-3.93034577673258	-3.25343735717759	-3.44281279846205
P05413	-2.91118711361397	-4.63275874253382	-3.60224172672539	-3.20436820717402	-4.59117190922944	-4.47200344291998	-1.01547921218261	-4.19201545057774
P05455	-3.89624959710261	-3.16194943767666	-2.71873064742604	-3.39311532611619	-2.97999978159909	-2.92931748803547	-2.90818070163626	-2.45179180730043
P06454	-2.44754837898708	-3.19789765218351	-3.5981915126461	-2.99916543717833	-2.58656954330422	-4.14791047098569	-3.39027461965909	-2.45964303013328
P06733	-3.83191125686209	-3.91038457359242	-1.83656947787864	-4.05349501885019	-3.12122302944428	-3.63038339304038	-2.45014179199245	-2.79195206925584
P06744	-3.36022495561559	-3.53015978841644	-1.83495900989067	-3.49701879972561	-3.52872484383291	-3.6680450684945	-3.2459987663639	-2.50250959614089
P07305	-5.21395436696224	-3.53437369132096	-3.27344851186655	-4.56025304745167	-4.37787095857572	-3.70661704871843	-3.8917973566415	-0.865422871215916
P07384	-3.42442999465945	-3.05946166197769	-2.38919263564254	-2.99395615736049	-3.42777561363633	-4.36579171337019	-4.08196079226524	-1.88888971020203
P07947	-4.26820580899521	-3.06348843586202	-2.38939187484304	-4.58092983925006	-3.21658374548283	-2.42063916370186	-2.14207612098108	-3.73818890578755
P08559	-2.48588082689393	-2.85038196416427	-3.08055229323633	-3.91481559419658	-2.51125323473805	-3.43211164244671	-2.88960032120206	-3.39106533046492
P08729	-3.27646604192216	-3.65751561263709	-2.24052473786746	-2.98654031884898	-3.0413752359778	-3.09170306235134	-2.94953112879335	-3.16419223541809
P08865	-3.51963058170311	-2.90480642672452	-2.5250783927938	-3.11947815350082	-2.89686217677951	-7.19825845965064	-2.93485953449665	-2.19338013993765
P09622	-3.96133483812247	-2.55502501640579	-2.6710538829522	-3.37638654882648	-3.36042147044835	-2.97817907964918	-3.25447038248193	-2.44792206153633
P09661	-3.37347141678623	-3.44799589227259	-2.94320202275345	-3.19570027608693	-2.71147728803689	-3.05464553762425	-3.21462654214852	-2.38108108297293
P09936	-3.6518377725876	-3.52840272221107	-3.84161561985112	-4.23446686336937	-3.38219835811555	-2.93843948350423	-1.42834908634508	-3.14579198839041
P0C0L4, P0C0L5	-3.98196701560121	-2.78003848051898	-3.20453827185136	-2.83792176722927	-1.99613648270586	-3.26553686218111	-3.14617579758506	-3.73360448715735
P0DME0, Q01105	-3.04838733770692	-3.38452578185938	-2.76043498768851	-3.97067010573468	-3.11750913016663	-2.68150429177535	-2.86752328363021	-2.60926005437691
P10586	-4.17846507110034	-2.99974861934396	-3.57765506047514	-2.78155345003767	-3.70403040385021	-3.55527483282321	-3.20869588507027	-1.64117001707481
P10909	-2.59493919864154	-3.65954072935496	-2.73409976731535	-3.04819758967172	-2.91967058438928	-3.05101556402916	-2.86480727060407	-3.41025573070374
P11117	-4.16459531793583	-3.44229143095893	-3.05868918721208	-3.64245894735327	-4.04078567300946	-2.05329926536296	-2.59969813985372	-2.43062248189182
P11586	-4.0806502422571	-2.83422617174989	-2.67559521463064	-4.50240332478304	-2.97446379100439	-3.02022753377338	-3.425682954369	-1.96305170093271
P11678	-3.68442413159291	-5.19470127576159	-2.99918949317771	-6.6757122235893	-3.32553242898884	-1.92682116527801	-1.7436815511363	-3.34085954928484
P12110	-4.47879138673723	-2.79460577696149	-4.80378394341858	-5.73681700221264	-1.99674235505186	-2.50795030113033	-1.66348185356208	-6.11531183385918
P12111	-4.24668543731107	-2.80759068425887	-4.6430486199439	-6.02363719238004	-1.95735012969886	-2.34888627069969	-1.84420122055702	-5.89644713465764
P12814	-4.00551388336016	-2.95712363656137	-3.19033695775933	-4.7330385725614	-3.48233636194773	-2.30232272582917	-1.81449852422451	-3.55133238160585
P13010	-4.23480565609098	-3.08376255558912	-2.31362243897646	-4.03499046091597	-3.18217862924168	-3.62780223725647	-2.7899264128039	-2.11327814616214
P13639	-4.32592084737211	-3.18442240366715	-2.29231066327529	-3.41212087921542	-3.09617665465499	-4.20667252119428	-2.58980345689717	-2.28739752819235
P13646	-6.12142738347297	-2.68826741790139	-4.42227280116999	-1.89899107083457	-1.73258309061218	-3.89085318702277	-5.18040839531618	-3.06113107660411
P13647	-4.10644792955208	-4.75664895483433	-4.12256968135928	-4.51246307414527	-1.05238181409485	-4.49271296327257	-5.47175527922172	-1.97365695570076
P14618	-3.21185130204517	-3.44339165686961	-2.09294662462957	-2.77417238298092	-3.46541265354528	-5.02571473154259	-3.12890190944966	-2.44209134282833
P15531, P22392	-3.7399169659249	-3.27466519797505	-2.72443493075769	-3.04514858395188	-2.71655775174545	-3.10895416812934	-2.79206696055258	-2.86835997218309
P15924	-5.63551260758941	-4.17639171574297	-3.61746671805473	-4.9057786756044	-2.1777208012319	-3.1398019045762	-3.88802293032929	-1.29436113037581
P16144	-3.73574886571272	-2.56020750833452	-2.89534449530175	-3.30010349234603	-2.90329303394689	-3.29904554652883	-3.06267683358116	-2.60378889305838
P16435	-4.52970846277903	-4.23251960692311	-3.28773158950939	-3.98198856763043	-3.02706964147916	-2.49378052406932	-3.9133827296014	-1.42956875649592
P17174	-4.09020689641823	-3.1504468309217	-2.81202552438398	-3.10790299568619	-2.44268494629805	-3.59224743439477	-3.1770932298852	-2.37434104709655
P17655	-3.31719811077627	-3.8245141875098	-1.99931356896618	-3.7242090371013	-4.22706933646965	-3.17789837183846	-2.63724760171344	-2.48462164332848
P18621	-4.92121864525302	-3.0249086994401	-2.49864809932145	-4.39608132875155	-3.20763287437696	-2.85780199754541	-2.8527290172578	-2.0888284945451
P20645	-3.18595675967116	-3.26037734930785	-2.40576355647865	-3.4102044671786	-3.5510284998644	-2.77674837135638	-3.44944552915393	-2.47227387206823
P20810	-1.57235142989746	-3.62255089637527	-3.13035296506837	-3.28529617747239	-3.5276690902474	-3.57326138353117	-4.36116187094901	-2.77203780550266
P21333	-3.11243134348273	-3.41794718191424	-3.51305460294918	-4.55879341646614	-2.87389411841222	-2.26910983887704	-1.9400639487981	-4.15051194934817
P22102	-4.00820335528388	-3.05379336184544	-2.33582421968286	-3.29608881245735	-2.90105583317436	-4.02314932330025	-2.40785268560503	-2.9026646532301
P23193	-2.68609267694635	-3.29646896783556	-3.26670934960734	-2.75261503483737	-2.57561750979443	-3.19395060862179	-3.25083420877347	-3.20455936836472
P23246	-3.73116019163869	-2.83245964900578	-2.66900265771732	-3.69037304354369	-2.9230913793498	-3.97313170517671	-2.65418303294306	-2.35675570158932
P23588	-2.26695783105365	-3.619915984584	-3.28032827355714	-2.87272697401368	-3.35482385741232	-3.36331242224639	-3.17907453194854	-2.5897589781141
P24752	-3.32033891723951	-3.05540001928916	-2.77494926164827	-3.4280072284266	-3.23951378594046	-3.20159942706204	-2.1999131757709	-3.20612579964565
P25311	-2.77346711134927	-3.57274822122968	-3.17798320446335	-3.31218011101354	-3.32400984432501	-2.47455496086572	-2.37255525689572	-3.54533250479012
P26378, Q12926, Q15717	-4.62671762364027	-2.70476948472924	-2.40759622889653	-3.61243535016773	-3.28381631280482	-3.30138252701845	-2.64247243496725	-2.54253343552415
P26447	-1.07723196246889	-2.98629249234955	-4.05823057505863	-2.29405482274522	-6.43488550096619	-5.48603139484668	-3.41233619271892	-6.94008577231897
P27105, Q8TAV4	-4.58711273329361	-2.82774526642608	-4.27933862280538	-3.00778830880196	-3.03678019498826	-2.0069441435353	-2.61748092404961	-3.20938849308148
P27361	-3.71246239121857	-3.5283666000506	-2.68558596928963	-4.31584168539954	-3.54934085655046	-2.03519653630957	-2.65088775074188	-2.80808482683192
P27708	-3.30802878380398	-3.76385510749948	-2.96749208203953	-3.01912126089868	-3.57117492843863	-2.979716207245	-2.91133833698778	-2.1178640751826
P28070	-4.34416222161698	-3.38956154983799	-2.84781988960421	-3.14295634955745	-3.37406400197332	-2.56311783974088	-2.57067966529427	-2.5628081111042
P29466	-3.39498094610083	-2.81213304057011	-2.41901645009172	-3.35428490429029	-3.72171155938255	-3.1211536162082	-2.81301466143228	-2.78826006078834
P30101	-3.93322404423178	-3.51415590351739	-2.71601719321547	-2.80111130129144	-2.5745520460505	-2.8074062083415	-2.85356239446641	-3.28963955475967
P35579	-3.35170056202113	-3.0473875775064	-2.90476933366359	-3.68638037787093	-2.68415086123957	-2.99051285878457	-2.50269442773748	-3.15828529954963
P35580, P35749, Q7Z406	-3.86354763416171	-3.2647087799245	-4.0302395522735	-4.26848079069974	-3.52120613694942	-1.42274525059912	-2.51623329119911	-3.65718485817244
P35613	-3.11336211302777	-4.27096266824095	-2.76241284820058	-2.58887462088696	-3.74328871244054	-2.83495416918069	-3.35768731507389	-2.27451931854749
P36543	-3.01641040548552	-4.34437589667538	-3.00131634671475	-2.84376223633628	-2.86174480263403	-3.26039286740627	-3.28696006280139	-2.19350298411442
P37802	-2.29965259622772	-2.29872371640439	-3.32106949251277	-2.41979032234125	-2.85828573619595	-6.01836904472329	-3.19542712588012	-4.49952181221313
P38117	-3.13482569015378	-2.97739884867049	-2.58682368628992	-3.61867232984442	-3.00292010385426	-3.17499357086029	-3.47732816778624	-2.42615009796552
P39023	-6.26141819558826	-2.89004700397702	-3.01999119356931	-4.2006571044805	-3.25700694991059	-2.50487689462094	-2.59123989591596	-2.13495214711242
P39023, Q92901	-3.66069345451121	-2.4696560937469	-2.15736991121032	-4.81402009154646	-3.33813938995628	-5.10636514545559	-2.92287336248894	-2.1785090107167
P39060	-3.66649237411211	-1.83353315488229	-3.33817468638729	-3.81008257805861	-3.14810735990946	-3.96474560379945	-1.9748676479334	-4.67111273281115
P41250	-4.26576241989372	-3.89239024230803	-3.00497594252407	-3.4384019273343	-4.14175854935138	-3.20774449864514	-2.06757332494202	-1.94112176866148
P42167	-4.03790248250107	-2.98484116452724	-2.77141493423658	-3.58302575070836	-2.68696255464402	-3.60715526298605	-3.63624584614585	-1.91528302655251
P42285	-3.99607504622722	-3.08753562349491	-2.68448707280642	-3.57065058008807	-2.45116997345704	-3.19551850323431	-3.13413593776362	-2.52245892369418
P43246	-3.80503871574478	-3.20979871717535	-2.82484087868689	-4.02164181243628	-3.13493701507718	-3.27222489856684	-2.29828607671045	-2.34358236416156
P46087	-3.92968884169177	-3.12600904258469	-2.6920371086221	-4.13238097640657	-2.68846683324049	-4.02507620831654	-3.1118785593535	-1.85807528828432
P46940	-3.75826891291457	-3.28873584657932	-2.79823028112439	-2.98483889166195	-2.43313109521441	-2.93972476011719	-3.28742115547556	-2.88075296136252
P47897	-3.7393361450578	-2.75738996108649	-2.18558957969821	-4.04527353352056	-3.88787775002838	-2.96029380537999	-2.99543289001255	-2.51124040712425
P48643	-3.5506535375771	-2.85201634309506	-2.36346575196355	-3.93770187189494	-3.29823829146109	-3.99889016835966	-2.6629918022767	-2.36229574997735
P49662, P51878	-2.81759312847383	-2.92564355004969	-2.48110902448514	-3.47621390807779	-3.99146999790816	-2.65621532869637	-2.8158705717881	-3.41035048461564
P49736	-5.16735475658872	-3.45909496244852	-3.04892745835276	-4.91061344321885	-2.86242314862842	-3.13733372219673	-2.40198361288922	-1.80187230040464
P49915	-4.49520225398058	-3.28574831080301	-2.49362613903551	-4.45684737777395	-3.39883573494891	-3.82564993825666	-2.09894232491145	-2.11243064722092
P50135	-2.3890777760857	-2.81769936685484	-1.33697899534396	-4.55018762400212	-4.21139473790113	-3.92620489493651	-3.9673722577657	-4.47277268879582
P50453	-4.01891467861161	-3.37390306672266	-3.54826513156564	-5.09919293255088	-3.93771266287161	-4.15884510227189	-1.12099671128691	-2.77416926561115
P50552	-3.5300689337337	-2.66238824641368	-2.37811604531274	-2.95226765179929	-3.28692319795781	-2.76150410446132	-2.98158733586781	-4.12331380353634
P50851	-3.20641029872002	-2.68104911945909	-2.68741244353477	-3.85115454646838	-2.89082153344239	-3.193353169098	-3.78210732070864	-2.36316847646288
P52272	-4.30045053889677	-2.6500041544966	-2.55841838648319	-3.51640612391029	-3.06418896920861	-3.80179470800074	-2.70363168984507	-2.41112549592404
P52789	-3.79192801742251	-3.24297531690697	-2.337585942375	-3.22783435944541	-3.02916205958401	-2.90229389172288	-3.00577713423295	-2.86943901547208
P53396	-4.47502910794994	-3.12077834091781	-2.76984772135269	-3.26565216773093	-4.32584436972904	-3.28387915062877	-2.47361071557741	-1.96073097188813
P53634	-4.48809129044945	-4.10343525750327	-3.24367414049047	-4.24617692452419	-2.40164517991798	-3.00849755405148	-3.8053427038633	-1.49837682701485
P53675, Q00610	-3.96993708560796	-2.77415969166527	-2.50478450732716	-3.41853039887894	-4.06688385531004	-2.39897146175906	-2.96220860389898	-2.80893237005921
P55084	-3.61878519760438	-2.5352197076392	-2.74990722773978	-3.39617379240628	-3.72832154417815	-2.84724446874288	-3.0509509155653	-2.57892707283107
P57088	-4.5937350808074	-2.9161065493482	-2.80512717190516	-3.17527024637009	-3.6479382669765	-2.35341961409039	-3.09267577882275	-2.47677799305221
P60842	-4.00948919714662	-3.06177404472052	-2.58223498587362	-3.52565405714442	-3.22488633791523	-3.38187132250454	-2.78636718961009	-2.20757468988142
P61204, P84077	-3.41155681384762	-2.90849043689834	-2.45838515556633	-3.61479397606625	-3.27131701327296	-3.19581103277695	-3.22726134885625	-2.39765705152058
P61978	-3.47236451038919	-2.89732141720826	-2.89932466151375	-2.93122004863377	-2.77228441583497	-4.12178840309974	-2.91623116337899	-2.52070553722384
P62191	-4.06374560702926	-3.30644764727246	-2.11580509669767	-3.68111280448174	-3.53780107359566	-2.73675355958064	-3.35349956115665	-2.34750595353267
P62805	-4.29375994868187	-3.09580837530877	-2.85566477976863	-3.81591723861343	-2.61534990914312	-3.0309785023346	-2.98450802502253	-2.24468363205357
P68104, Q05639, Q5VTE0	-4.03378746276355	-3.20893225041599	-2.05291615219408	-3.17842615671293	-2.71356242593105	-4.43661444336299	-2.80811680014508	-2.8579834697635
P68363, P68366, Q71U36, Q9BQE3	-3.57176306606107	-2.90640036269484	-2.39747739617059	-4.06226823801311	-3.20957645576825	-3.14246382657979	-3.09237561706442	-2.36383680172443
P78527	-4.42742762702348	-2.7356047647854	-2.46792636564829	-3.81334281351592	-3.0646038740144	-3.92847352600377	-2.64907274559953	-2.27316479118492
P85037	-4.16172136155047	-2.61217001660721	-2.7811668573345	-3.65031543271465	-2.7973742991171	-3.51194044473706	-2.84552215518861	-2.43579146238146
P98160	-3.49455520818505	-2.12742629227218	-2.51967665061469	-3.35714546795472	-3.33947335809364	-3.78589986249782	-2.4489356582158	-4.15829055255306
P99999	-3.94545945795716	-3.16541933724952	-3.11325939551573	-3.56164351398554	-2.98032763552453	-3.04393654442263	-3.00456534391404	-1.99534382319318
Q00765	-3.78528677253499	-3.62333873100164	-2.7212844656622	-3.83500502764411	-2.08388769937341	-3.10514901461674	-3.28820804755401	-2.55506772437742
Q01082	-3.07984377710741	-3.51778955503943	-2.22939095775679	-3.50927336725776	-3.14943146916433	-3.54853284644613	-2.5530162348081	-3.0024189943618
Q01813	-2.84694873476852	-3.31114783575324	-1.77557447831457	-3.18757691673065	-2.90444797261821	-3.60985999356857	-3.71739680513419	-3.90117723309941
Q02543	-4.15139952892137	-3.46602321168757	-2.38970067914799	-4.41007852721605	-3.49444653379314	-2.78922639122195	-2.9472567302617	-1.9866383109712
Q04671	-4.35068269631536	-4.84223495914927	-4.98673527919645	-3.61708659374738	-2.76456740004039	-2.10649062716776	-4.05387583469648	-1.45992950653884
Q12846	-2.93971960245429	-2.88112191851167	-2.7938108055687	-3.22220932488438	-2.9917244322827	-3.45879781287274	-3.03802252488655	-2.79433354010941
Q12996	-4.14352918284825	-3.15314425401959	-2.65317082555867	-4.1779861517424	-3.29900465872062	-2.28198756966683	-2.98826421427297	-2.44572042292337
Q13418	-3.88564515743878	-2.36311827447659	-3.1156084044282	-4.54400199838797	-3.82266085375207	-2.64094078017432	-1.93386103839053	-3.52272786028811
Q13423	-3.8982975587306	-2.84637980621762	-2.15420198158661	-2.83926416990865	-3.06497104084976	-3.10190212307269	-3.31461060976545	-3.42629315858467
Q13610	-3.80958743344417	-3.40053111046429	-2.47157234607275	-4.97267475614698	-3.23436511038615	-3.69930154275931	-2.73418872650523	-1.79429607347996
Q13618	-3.41485564474923	-3.55159036729271	-2.40880441378234	-3.87284388403973	-3.21855382708082	-3.38185102327353	-3.01648248347542	-2.07433868878697
Q13813	-1.69241626103687	-3.83814495819332	-2.39342089691397	-4.84937698230222	-3.40862154246559	-4.57560200275041	-3.12492508135259	-2.78672472400061
Q13938	-1.5264966437086	-3.92765274414884	-3.32392728369233	-1.80523482300764	-2.83907338385582	-4.80189932061909	-6.18542122273241	-6.40141831009381
Q14166	-4.5715584974302	-2.38357305225693	-2.51848051139826	-3.68802295680134	-3.57381140191079	-4.17787051435555	-2.88210831575725	-2.06297694988923
Q14204	-4.19346412763167	-3.16237439891769	-2.37636885192512	-3.47240051263432	-3.1430742554558	-3.02335190019267	-2.95713281400594	-2.42663319992614
Q14451	-3.88604485266323	-2.91774967045201	-3.17954485787746	-3.24145184658863	-3.47437564647845	-3.36683506186085	-2.11642672991912	-2.58731383342678
Q14697	-4.43524768052369	-3.19615540390153	-2.21916507710795	-4.60576412420626	-3.07709469781417	-3.28341986202087	-2.31731218605573	-2.58216277089785
Q14929	-3.34171018130241	-3.34453948410802	-1.56738343005003	-3.91810096558728	-2.54975788677572	-4.21358443966321	-3.70643596394499	-3.35020244051004
Q15149	-3.13940395605399	-3.21524247790542	-2.79899045958705	-2.23481750357929	-3.17249392625595	-3.01179216937543	-3.29060011247703	-3.54605997982976
Q15459	-3.67268569894462	-3.18237193938216	-3.11027131310862	-3.1551616376757	-2.81417530874899	-2.94854435713166	-3.05610316585321	-2.3852166181497
Q15637	-2.68314462662131	-2.9338851137008	-2.97565883138044	-3.22113565427941	-2.96963737042782	-3.65949291584746	-3.35407239580414	-2.51885948812837
Q15746	-2.64251087268508	-3.47925845436751	-4.40549728032535	-5.17574997907083	-3.40124503361746	-1.86142272160159	-1.9461849350174	-4.44304645774521
Q16531	-4.56094565918396	-2.82290605764762	-2.57552777710521	-3.61804685023649	-3.04603613564579	-3.39936101324572	-2.94582461662199	-2.17480078576091
Q3MIR4, Q9NV96	-2.78104513950117	-2.60456747012039	-2.76944161765531	-3.39509590720284	-2.65000371199343	-3.00785563071015	-3.706217655133	-3.50431906224613
Q3YEC7	-3.37708233049811	-3.31966026910792	-2.5035062735044	-3.39645327466358	-3.16509525457657	-3.10774499983178	-3.67726247877863	-2.14163224003079
Q49MG5	-3.81753615989383	-3.6769882750773	-2.42843861532668	-3.68476062953681	-3.78042349308034	-3.00600109388145	-2.65685921376959	-2.11066660265318
Q6P1L8	-3.47460048192124	-2.95988789611634	-2.43667700594897	-4.28646589818507	-3.15350457560004	-4.57324504393115	-2.78867518063214	-2.02059579703735
Q6WKZ4	-3.76408912294845	-3.46522564539932	-2.54044599824653	-3.15925497521517	-4.22357392041178	-3.30290594478526	-3.67022378608043	-1.65008820542307
Q70J99	-4.48527262318703	-1.48005318827553	-1.5654979902357	-5.34394089111063	-4.5764523885218	-4.6855791343914	-4.95163811957535	-3.04327699835744
Q7L576, Q96F07	-4.27413203920105	-3.08353591861175	-2.55247360102209	-3.36673026279692	-3.18587521566263	-2.83401131296613	-2.87745598591295	-2.50037813800951
Q7L5N7	-3.84775850129149	-2.13697294385393	-2.64751705224809	-3.72261960562339	-3.58463020533469	-2.90532791131874	-3.22262878173364	-2.79698121799481
Q7LBR1	-3.66261146524749	-3.08814769982289	-2.9577678914025	-3.37642508622306	-2.80478939329269	-3.72423909804954	-2.54920256723329	-2.40498946838969
Q7Z406	-2.85243095659795	-2.8859370243939	-3.29943719177837	-2.57628809347326	-3.82296067693056	-3.05942294877656	-4.20076462867724	-2.23777041552308
Q7Z6Z7	-4.05887090051445	-2.81070013351587	-2.72808366874092	-3.51871986929941	-3.53865789102324	-2.31623075250909	-3.15855902117008	-2.63967038320005
Q86VS8	-1.95145655808745	-3.66786574026705	-3.31180743590865	-2.74107533485568	-3.11850503633798	-3.31859373390666	-3.74165881611943	-3.0308255857787
Q8IUX7, Q8N436	-4.22008663464793	-3.71828786576221	-3.87075491726407	-4.37492196047952	-3.24327492184469	-2.5831688436182	-1.22703222608946	-4.20719304514245
Q8N1F7	-4.34029605591218	-2.84456730137792	-2.37493492312882	-4.43488697114905	-3.38626066570131	-2.7918914375724	-3.07213716084456	-2.22799794228013
Q8N4T8	-2.63499631932743	-1.90395302228947	-3.01094249585486	-3.89748952671259	-3.65530185115224	-3.53094924228539	-3.46511791672806	-3.00909478234245
Q8N766	-3.95644991028528	-3.10578248030685	-2.50298884830436	-3.54821823241033	-3.04101796076408	-2.70858099455939	-2.83322110792275	-2.80861023485673
Q8TBC4	-3.3910845308148	-2.87134297391934	-2.44372291186953	-2.82130995686706	-3.4240451919607	-3.10383322816777	-3.33625082140323	-2.897198452513
Q8TE68	-3.00409452514726	-3.50218478449966	-3.32526331538274	-3.19458313013586	-2.79889319677593	-2.19510131881305	-3.01596472401916	-3.43592210685619
Q8TE77	-3.07137698596794	-2.85569251987267	-2.75129186317122	-3.23273225868592	-3.00296295838531	-3.5070019265021	-5.21241422443975	-2.00976980908744
Q8TEX9	-3.24948478999488	-3.68213435292554	-1.87113573323582	-2.64500554265652	-3.37744378852859	-4.73708970377956	-3.42090188551246	-2.67463339473752
Q8WUY1	-3.14455611394098	-2.2553341521101	-2.47221822390452	-3.76982319911041	-4.06807279358422	-3.7976164465016	-2.96977838168178	-2.60150459736386
Q8WZA9	-2.36213253609384	-3.9520136959793	-2.6262999725673	-3.34460723265256	-3.75702015457711	-3.02608074433124	-2.94415039217082	-2.70064359555673
Q92542	-2.63870654128185	-3.58759202227523	-2.48180224249797	-2.7319701400673	-3.40398083635201	-2.68641791860532	-3.56893746509209	-3.43251256405117
Q92626	-4.18779004691661	-1.99497883920632	-2.91652971831576	-3.69009331777386	-3.30912608898675	-3.18143824504766	-2.71867766542512	-3.04332983334034
Q92878	-4.41245626399214	-2.33193581042204	-2.60916614478349	-3.41973257340787	-2.51946512088175	-3.75541531463403	-2.8932821885026	-3.13247934240766
Q92879	-3.57177348399988	-2.65766474821081	-2.60734369827807	-4.39697087713724	-4.11871606729608	-3.44833876810889	-2.27325223311005	-2.39728113172649
Q969G5	-1.9802442339649	-3.11295103874145	-3.6807394756288	-4.18675379246264	-2.88114181648291	-2.8304710401166	-2.91040072852905	-3.49420431382878
Q969T9	-3.56354467089217	-3.23399903954717	-3.28097200665792	-2.76514981986813	-3.39937198710282	-2.01766006955702	-3.16703379461767	-3.23660656493398
Q96AA3	-3.94618079939491	-2.52950104093555	-2.44514606379187	-3.56894903945174	-3.08728773968754	-3.63984236639531	-2.76891412950285	-2.7424010408154
Q96EY8	-3.36838095936284	-2.77880566144414	-3.2256687124714	-2.85724393101827	-3.03149375787707	-3.63323241938392	-3.58785267392433	-2.14244069887476
Q96KP1	-3.65991113931469	-2.86339824703026	-2.61327861012072	-3.20221807257691	-3.14658276768602	-2.76800530288331	-3.38744058000183	-2.6794482680354
Q96P48	-3.91104988521073	-3.48400260050383	-2.30281418972584	-3.49776408718616	-3.03131761200923	-3.64760214541697	-2.65082567582759	-2.38367025223083
Q96S44	-4.02797684237669	-2.79609179184665	-3.02475891099092	-4.04363707354939	-3.13433648046599	-2.72631842013232	-2.73941906398172	-2.34761735209784
Q99459	-4.56952192624662	-3.27118085270276	-2.78977692316951	-4.14813804860236	-2.84566183190905	-2.61811000553104	-2.40503067019723	-2.62152666551497
Q99623	-4.60040478447383	-3.13765622394362	-2.71466316102816	-3.7769716810407	-2.65528517468332	-2.94700601503389	-2.90766878659865	-2.33503611290299
Q99715	-4.7775425146246	-3.79085478260759	-4.48252067095802	-4.47687718582978	-3.9519675720903	-3.08921028911967	-0.744103259846693	-5.47461278178883
Q9BQ04, Q9BWF3	-4.38936836267963	-2.77670693938793	-2.67723500829188	-3.81221453022643	-2.86708511232684	-3.25039034506555	-2.55106342223174	-2.5902766685231
Q9BSJ8	-3.58123737795793	-2.67351254619452	-1.84638560633915	-3.5525784927262	-3.70663260016335	-3.9066673509323	-2.84027207633527	-3.13938502510924
Q9BUJ2	-3.77834703582555	-2.82522799946485	-2.54873376825719	-3.37037415807845	-3.48247088671911	-2.86751116044534	-3.14976702861607	-2.47992666707691
Q9BUQ8	-4.83051956975448	-3.2187800188064	-2.61013997138129	-3.64701850950682	-3.12053725595615	-3.17485196487268	-2.90006937898676	-1.97620915712945
Q9BV44	-3.26999808758839	-2.66541181856868	-3.10067974065136	-3.78485148356211	-3.27060288351214	-3.16540525933159	-2.29198836911511	-2.94001551640344
Q9BW04	-1.00773935495545	-4.02789314756246	-3.67411436464646	-2.39101031902848	-5.67091209363211	-4.58739988171218	-4.39807926522389	-3.9718970705133
Q9BXJ9	-4.85367644841045	-3.23121655803374	-2.32946924710058	-7.05369046231246	-4.05589303140491	-2.09810110066742	-2.49109196087693	-2.46690884075491
Q9BYC9	-4.39028541048791	-2.63427218013261	-2.35262964409783	-3.80494211689135	-3.66534123904624	-3.54967754583654	-2.79546301109506	-2.21319066376673
Q9H0C8	-4.34483969223724	-2.79015134533206	-2.96307440800587	-4.55609117264958	-2.72299626414571	-3.76527652521922	-3.08667188011613	-1.7722404652651
Q9H0D6	-3.55330064823147	-2.46984245780566	-2.77071210491593	-3.39706416092002	-2.83353952786511	-5.41028247037186	-2.79324478811516	-2.43607521466685
Q9H2P0	-3.44987458586721	-2.75027805343292	-2.85121695682193	-3.69426528228313	-2.62362314754468	-4.78236655771828	-2.76706449953313	-2.33256201661775
Q9H3K2	-4.07782971876051	-2.1431137707811	-2.61593334538389	-3.40628256837258	-2.7512230331045	-3.57973083931446	-3.2667051693384	-3.04833792751643
Q9H583	-4.94569452336204	-3.2900478992323	-3.32006188436449	-4.8438599691538	-3.56118428051369	-1.60007353802851	-2.664965099289	-2.66098860371232
Q9H5N1	-2.46591621160692	-3.4836803423151	-2.39868160617527	-2.87028489612106	-3.42722778127556	-3.10876541631442	-3.93838010864077	-2.9534983123203
Q9HBL0	-3.71348855958286	-2.6090420273924	-4.03666279500059	-4.49428188149098	-3.06374259374972	-2.1816243167679	-1.99126715373362	-3.98810381085646
Q9NPQ8	-3.52860942351405	-2.69938690094902	-2.51883620146022	-3.84124652555525	-3.34323169893171	-3.28578063851759	-2.64900542380388	-2.69307453630947
Q9NUU7, Q9UMR2	-3.81396316087702	-2.62298282840484	-2.04955509349711	-4.81110946864683	-3.63713295443873	-3.66054663173472	-2.86746295526634	-2.37403680342944
Q9NVP1	-5.40197592527898	-3.11044463952163	-2.86336537277982	-5.71331834599699	-2.8879749594833	-2.50532292570843	-2.71563043793036	-2.05510546615801
Q9NYL9	-1.9894316774959	-3.24941049367746	-2.89517567528777	-3.60173879891063	-3.72274149177382	-3.28083416063894	-3.04693998270849	-2.98181386126189
Q9NZJ7	-3.68928837284158	-2.02660565011526	-2.43072042858783	-3.82385574534962	-3.75769017400159	-3.49846899862164	-3.26514813482331	-2.69401817811001
Q9NZM1	-3.57488220014145	-2.44706677525861	-2.11760537992542	-4.0956869078914	-2.83471417275062	-3.98757031387981	-3.13389488040468	-2.98113035287061
Q9P0M6	-4.18006923767389	-2.45570520163452	-2.00990397191239	-3.81125235030806	-3.40412613901905	-3.44338732157049	-2.846738869067	-3.08776714296693
Q9UBX3	-3.23025701469333	-2.79495073805225	-3.04775285366745	-4.79456004386696	-3.78800163063119	-2.25988440122113	-2.76306784877943	-2.60916686442797
Q9UDY2	-4.11079016303641	-2.45018644783021	-2.60158717338327	-3.26109924037382	-4.41996227495195	-3.33812525206828	-2.89232448800221	-2.25302281197493
Q9UHL4	-4.20878958228766	-2.78210890814529	-5.18311794991046	-3.56284993516364	-2.78466860522814	-3.06262096932284	-3.08323227029634	-1.71031929046925
Q9UIA9	-3.9038347553636	-3.16506539835949	-2.50549476237422	-4.49179719081985	-3.08181156985781	-3.13489143777861	-3.76319420919712	-1.75850045650109
Q9UJS0	-3.51955295559609	-3.36869582668255	-2.94229913808819	-3.49573456128337	-2.75496910469936	-2.79149687763895	-3.24523693302505	-2.32767475404442
Q9UJX3	-3.08998736789773	-3.08197361293774	-3.27470686044688	-2.02751062218099	-3.28400572754	-3.62647134066447	-2.34960607081742	-4.79485794315865
Q9UK45	-3.64225796131319	-3.09366817073583	-2.83678381440751	-3.26305235430381	-3.41973869677637	-2.93004222520008	-2.53745357706458	-2.62834950732178
Q9UPN3	-4.28040836377706	-3.70487669695606	-2.89350342283643	-3.43233646402676	-3.87591486816282	-3.23778725971198	-2.99099627879065	-1.53640830546281
Q9Y2B0	-2.75932626686373	-3.22138094176265	-2.5146089056435	-4.05994740276177	-3.36253682943883	-3.09634848309193	-3.36962849990505	-2.32741914809516
Q9Y315	-3.91377486552526	-3.33935414110685	-2.90591900720391	-3.84634577792014	-2.7621776023631	-2.21894220275386	-3.46824669742755	-2.47916120962342
Q9Y3A5	-3.9664275277207	-3.07317412651223	-3.06076597259917	-3.67637954959754	-3.18058240416863	-3.14080566655598	-2.64773016282318	-2.0837002445434
Q9Y3I0	-4.35211975271698	-3.01130609805173	-2.73230404134796	-3.81966300787699	-3.04497160693897	-3.24277589467395	-2.60163723343167	-2.22331121608957
Q9Y6C2	-2.1750686106463	-3.48678301838282	-5.24583703127132	-5.39348231038228	-2.62940466677217	-2.46981466811715	-1.79878435805642	-6.6906598387234
