"","Sample 1
Control
./","Sample 2
Tetr
./","Sample 3
Control
./","Sample 4
Tetr
./","Sample 5
Control
./","Sample 6
Tetr
./","Sample 7
Control
./","Sample 8
Tetr
./"
"O00468",-0.170989837104604,1.5796996140974,0.193124870946409,0.00101748959721859,-0.560782633887605,-1.50483261933736,1.60923448077057,-1.14647136508203
"O00515",0.229073602990161,0.344288595903641,1.37984318984249,1.38650141113897,0.0962791454440228,-2.28624426201446,-2.04290577137089,0.893164088066068
"O00764",-0.633850334911797,0.0951115896453039,0.195336630366837,-0.268488619913188,-0.578684719258376,0.207190474557448,1.03168151741373,-0.0482965378999552
"O14618",-0.279404835448508,0.180165403566626,0.0871042379181919,0.0133651863630851,-0.8603747596862,-0.722127734998814,0.604919839511604,0.976352662774016
"O14964",0.93086964019002,-0.645225882872292,0.242481243454655,0.0210024453806883,-0.266131896343516,-0.552898210141901,-0.189489967133289,0.459392627465635
"O14983, P16615, Q93084",-0.387226141787939,-0.383674331904429,0.385817583939843,-0.108878565146802,-0.461793291405111,0.252947117864724,0.259756578052118,0.443051050387594
"O43707, P12814, P35609, Q08043",-0.954697681262051,0.208474836653922,0.22799239705927,-0.837681983440868,-0.199625237148004,0.259922134750092,0.612572339701908,0.683043193685732
"O60361, P15531, P22392",-0.761644617768696,0.13839671845108,0.445844732940633,-0.562556151927514,-0.313392235730514,0.216144959920907,0.190691541164228,0.646515052949877
"O75165",-0.850957349969599,-0.135756770633022,0.673288265110389,0.0751252353141507,-0.0160375135618174,0.105143217620589,-0.0139521590732623,0.163147075192573
"O75369",-0.0611125501400436,0.552892406263059,0.201120489466195,0.801497301646515,-0.132379185498857,-1.66395379946165,0.16148453253065,0.140450805194137
"O75828",-0.22585543961857,0.228714442878677,0.105861889212078,-0.322406508851045,-0.153755405459968,-0.306987253552307,-0.0762692083787785,0.750697483769914
"O75828, P16152",-0.265240056446874,-0.00847066925832918,0.273414091886588,0.0353154869996795,-0.901511546421022,0.77844043799442,-0.10333483625189,0.191387091497427
"O76071",-0.652965438626044,0.383256551047328,0.8984774626977,-0.770788932524454,0.48988045527946,-0.42614405167275,0.00852841602744192,0.069755537771318
"O94992",0.773916298922422,-0.37719315918521,-0.00910650981145356,-0.200587285628564,0.180427238893892,-0.802242060200098,-0.418076947019975,0.852862424028987
"O95399, P11021",-0.606092804731637,-0.60641388155339,0.373305493620934,-0.124242540349475,0.0144006118444029,0.471008656557931,0.197982374980463,0.280052089630771
"O95573",-1.14936579328287,-0.540073572115497,0.818219124743659,-0.319442918185197,0.104818998295667,0.44965289133782,-0.621473290534487,1.25766455974091
"O95861",-0.454462178484304,-0.135807943787853,0.938491080408268,0.489967209942163,-0.628781527191242,-0.118598314340868,-0.209691751976239,0.118883425430075
"P00167",1.88404024283087,0.654567102656749,-0.725870489192697,-1.45714512539319,0.262473587660916,-0.4616993291,-1.05063276658643,0.894266777123779
"P00505",-0.259198399750224,-0.206333723865037,1.75206264085529,0.205616219591309,-0.333467634741194,-1.84233900170918,-0.423798609697365,1.1074585093164
"P01009",0.369040617494559,-0.0989317271098677,0.324618134766254,-0.614513890183627,0.120456467381739,-0.882524302492948,0.289536951790446,0.492317748353445
"P01591",-0.48579078751844,-0.1792338688599,-0.544838678752952,1.04990677225881,-0.128268867287077,0.944840773511876,-0.889581074087229,0.232965730734916
"P02042, P68871",1.47643432633565,-0.125120219662151,-1.46767426520414,2.86407483147911,-0.153940414331389,-0.606272888875283,-0.716174988015562,-1.27132638172624
"P02533, P08779",-1.56374172901189,-0.160894105343605,-0.415398535499588,1.11125018788402,-0.449371021957708,0.993765261514308,-0.5187166379386,1.00310658035307
"P02545",-0.154367724107177,0.391476768247898,0.493102728212275,-0.807292250073552,-0.0492010353193387,-1.17754648915138,0.462140908889024,0.84168709330225
"P02768",0.482470289303902,0.527798554904934,-0.0972544322582367,-0.240408857653559,-0.403879651566629,-0.587973806730219,0.521123183891931,-0.201875279892124
"P04040",0.409155829644755,0.151547877229203,-0.0887577999124373,0.722952535820866,-0.846087680394528,-0.353124876642735,0.226423036548916,-0.222108922294039
"P04196",-0.654995549596916,0.619365213526985,0.872187686883654,-0.696430672632246,-0.908340636659217,-0.462184568322866,0.808299219711182,0.422099307089424
"P04908, P0C0S5, P0C0S8, P16104, P20671, Q16777, Q6FI13, Q71UI9, Q7L7L0, Q8IUE6, Q93077, Q96KK5, Q96QV6, Q99878, Q9BTM1",-0.327546070180417,-0.00880982405979225,-0.0365933028583356,-0.60887319953515,0.428281758004322,0.151584143438902,-0.170475851177183,0.572432346367655
"P05141, P12235, P12236",-1.05567350492827,-0.0537467938854364,0.266137158171962,-0.681747942221763,-0.102734261894897,1.11880663793747,0.234890025094927,0.274068681726
"P05141, P12235, P12236, Q9H0C2",-0.873476077207547,0.287563030490849,0.385271288406958,-0.396993308905707,-0.0985780552196476,0.381354470600824,0.277110832480867,0.037747819353404
"P05164",0.650442448573289,-0.989003105197683,-1.10332409932109,0.27431195385964,0.100731796568431,2.89420271667823,-0.600061318724554,-1.22730039243627
"P05165",0.427061349237872,0.528348108670657,0.65249696477163,0.00787118620540384,-0.219405360916539,-0.85360454859818,-0.176696129043189,-0.366071570327654
"P05413",0.666466112005649,-1.0551055169142,-0.0245885011057665,0.373285018445601,-1.01351868360982,-0.894350217300357,2.56217401343702,-0.614362224958124
"P05455",-0.84133274874102,-0.107032589315062,0.336186200935549,-0.338198477754593,0.0749170667625028,0.125599360326123,0.146736146725335,0.603125041061166
"P06454",0.677735393605212,-0.0937438606946669,-0.449431188138523,0.0838817010291491,0.566691167863213,-1.10749879418352,-0.302444991067856,0.624810571586995
"P06733",-0.687669727135804,-0.632894681266371,1.45778726170772,-0.987354701095261,-0.112871892309291,-0.487940299332305,0.804086046197237,0.64685799323407
"P06744",-0.25393574676384,-0.40966557180318,1.31731112822044,-0.257710830377645,-0.388915468134301,-0.513530200377651,-0.114541293943843,0.620987983180014
"P07305",-1.53598713536811,0.143593540273159,0.404518719727573,-0.882285815857546,-0.699903726981594,-0.0286498171243088,-0.213830125047378,2.81254436037821
"P07384",-0.200653019675873,0.158536505983453,0.825225332849284,0.277637681784785,-0.181919256873988,-1.24648752929561,-0.953695610359431,1.32135589558738
"P07947",-1.04076782213225,0.163949551000937,0.838046112019918,-1.3534918523871,0.0108542413801261,0.806798823161097,1.08536186588187,-0.510750918924596
"P08559",0.583576824023926,0.21907568675359,-0.0110946423184746,-0.845357943278722,0.558204416179804,-0.362653991528853,0.179857329715793,-0.321607679547065
"P08729",-0.226570904118617,-0.609537291292348,0.815613341268053,0.0428077614189653,-0.0013117676130957,-0.0568622712561888,0.119098651306998,-0.0832375197137672
"P08865",-0.146644264718899,0.449096527940431,0.826040223257502,0.32712172902219,0.422203047794302,-3.48087262505519,0.43814278429137,1.1649125774683
"P09622",-0.875795305824692,0.483517055852924,0.488144647585472,-0.396922339760347,-0.382601539242439,0.0449685224694534,-0.138544037457732,0.77723299637736
"P09661",-0.333196409451011,-0.407720884937365,0.097072984581777,-0.155425268751704,0.328797719298333,-0.0143705302890262,-0.174351534813295,0.659193924362292
"P09936",-0.382950035790798,-0.25951498541427,-0.572727883054314,-0.965579126572561,-0.113310621318744,0.330448253292574,1.84053865045172,0.123095748406393
"P0C0L4, P0C0L5",-0.863727119997437,0.3382014150848,-0.0862983762475851,0.280318128374507,1.12210341289791,-0.147296966577332,-0.027935901981287,-0.615364591553577
"P0DME0, Q01105",0.0065895339104054,-0.329548910242057,0.294541883928809,-0.915693234117356,-0.0625322585493024,0.373472579841971,0.187453587987118,0.445716817240413
"P10586",-0.972640903628391,0.206075548127991,-0.371830893003189,0.424270717434277,-0.498206236378258,-0.349450665351254,-0.00287171759831972,1.56465415039714
"P10909",0.447017037388799,-0.61866852082995,0.303539186606835,-0.0379202794680852,0.114620982441252,-0.00334567355449567,0.16356811462652,-0.368810847210875
"P11117",-0.985540262488571,-0.263236375511675,0.120365868235175,-0.463403891906009,-0.861730617562203,1.1257557900843,0.579356915593544,0.748432573555436
"P11586",-0.896112625569584,0.350311444937627,0.508942402056881,-1.31786570809552,0.210073825683128,0.164310082914143,-0.241145337681483,1.22148591575481
"P11678",-0.0730589042417196,-1.5833360484104,0.612175734173476,-3.06434699623811,0.285832798362349,1.68454406207318,1.86768367621489,0.270505678066342
"P12110",-0.58181096748089,1.09969739610383,-1.11837023295929,-2.33690614834074,1.86656482294139,1.33370414495101,2.21860038654967,-2.48147940176498
"P12111",-0.525704601122686,0.913390151929518,-0.922067783755517,-2.30265635619165,1.76363070648953,1.3720945654887,1.87677961563136,-2.17546629846926
"P12814",-0.750951002878973,0.297439243919821,0.0642259227218632,-1.47847569208022,-0.227773481466538,0.952240154652022,1.44006435625668,-0.296769501124658
"P13010",-1.04195491398775,0.101231611585407,0.854838010977524,-0.879565677836961,-0.00489709602118038,-0.462306399666418,0.370684196434266,1.06197026851511
"P13639",-1.17290889077296,-0.0279440602919339,0.915603137927739,-0.203165944983584,0.083610467466122,-1.04926191631817,0.587504075708421,0.866563131264366
"P13646",-2.49096679970407,0.929285719434163,-0.79983291316846,1.7178191581803,1.88481867502118,-0.253096833425416,-1.53956240064937,0.551535394311663
"P13647",-0.295368348029473,-0.945569373311718,-0.311490099836673,-0.701383492622662,2.75869776742776,-0.681633381749964,-1.66067569769911,1.83742262582184
"P14618",0.0373361468481828,-0.157989136544562,1.1070815375914,0.722457149933925,-0.146659750862971,-2.68873805772013,0.221075794402495,0.905436316351667
"P15531, P22392",-0.706153899522404,-0.240902131572554,0.309328135644809,-0.0113855175493787,0.31720531465705,-0.0751911017268463,0.241696105849916,0.165403094219408
"P15924",-2.03113054715132,-0.57200965530488,-0.0130846576166389,-1.30139661516631,1.42666125920619,0.464580155861889,-0.283640869891204,2.31002093006228
"P16144",-0.690722782111433,0.484818575266764,0.149681588299534,-0.255077408744744,0.141733049654401,-0.254019462927547,-0.0176507499798777,0.441237190542903
"P16435",-1.18102810382764,-0.810591110456041,0.0344019924993588,-0.678298518478778,0.352725174473527,0.8740897588939,-0.532711535649063,1.94141234254473
"P17174",-0.99683828328265,-0.0570782177861195,0.281343088751602,-0.0145343825506083,0.650683666837538,-0.498878821259186,-0.0837246167496125,0.719027566039036
"P17655",-0.143189128563324,-0.650505205296851,1.17469541324677,-0.550200054888358,-1.0530603542567,-0.00388938962551055,0.536761380499509,0.68938733888447
"P18621",-1.70422150893345,0.189821019676299,0.781634231064445,-1.17051296933458,0.00618560943087099,0.398767708315612,0.38780732354278,1.11051858623802
"P20645",-0.121981959036261,-0.19640254867295,0.658211244156246,-0.346229666543702,-0.487053699229496,0.287226429278522,-0.38547072851903,0.591700928566671
"P20810",1.658233772483,-0.391965693994804,0.100232237312099,-0.0547109750919204,-0.297083887866936,-0.342676181150706,-1.13057666856854,0.458547396877808
"P21333",0.117044456548249,-0.188471381883258,-0.283578802918204,-1.32931761643516,0.355581681618756,0.960365961153936,1.28941185123287,-0.921036149317193
"P22102",-0.892124324711475,0.0622856687269664,0.780254810889552,-0.180009781884941,0.215023197398047,-0.907070292727839,0.708226344967384,0.213414377342307
"P23193",0.342263288651279,-0.268113002237928,-0.23835338400971,0.275740930760255,0.452738455803202,-0.165594643024158,-0.222478243175845,-0.176203402767094
"P23246",-0.654889648239039,0.23964653871015,0.428715210110314,-0.435220033659391,0.179540997656772,-0.953173455871463,0.468489148438222,0.726891242854435
"P23588",0.806397707002433,-0.55731769340163,-0.22624054983134,0.231858982932806,-0.297856143999603,-0.29084490784869,-0.131841238562981,0.465843843709005
"P24752",-0.267107965361686,-0.00216906741133793,0.278281690229551,-0.374776276548776,-0.186282834062637,-0.148368475184214,0.853317776106924,-0.152894847767824
"P25311",0.295636790517282,-0.503644319363129,-0.108879302596796,-0.243076209146988,-0.254905942458464,0.594548941000834,0.696548644970828,-0.476228602923566
"P26378, Q12926, Q15717",-1.48650219892171,0.435445939989317,0.732619195822025,-0.472219925449175,-0.143600888086266,-0.161167102299893,0.497742989751302,0.597681989194407
"P26447",3.00891162671524,1.09985109683458,0.0279130141254973,1.79208876643891,-2.34874191178206,-1.39988780566255,0.673807396465211,-2.85394218313484
"P27105, Q8TAV4",-1.3905403974209,0.368827069446628,-1.08276628693267,0.188784027070744,0.15979214088445,1.18962819233741,0.579091411823102,-0.0128161572087693
"P27361",-0.551741564169552,-0.367645773001579,0.475134857759389,-1.15512085835051,-0.388620029501436,1.12552429073945,0.509833076307144,0.352636000217099
"P27708",-0.228204936042024,-0.684031259737521,0.112331765722433,0.0607025868632797,-0.491351080676666,0.100107640516962,0.168485510774178,0.961959772579358
"P28070",-1.24476601802582,-0.290165346246824,0.25157631398695,-0.0435601459662863,-0.274667798382158,0.536278363850285,0.52871653829689,0.536588092486963
"P29466",-0.341911541242785,0.240936364287926,0.634052954766318,-0.301215499432249,-0.668642154524507,-0.068084211350161,0.240054743425759,0.264809344069699
"P30101",-0.861522656304159,-0.447605721158244,0.329047841649574,0.249885155210138,0.471514031431251,0.250138608429882,0.220235612606405,-0.211692871864848
"P35579",-0.628736302849198,0.108716349390817,0.300652948483457,-0.71136590004802,0.317038012698274,0.0011026611062448,0.76653036252763,-0.153938131309204
"P35580, P35749, Q7Z406",-0.534517448341302,0.0663030836325256,-0.728836732057412,-1.06433274188735,-0.19668473506662,1.88469845657069,0.814605058732153,-0.241234941582682
"P35613",0.00166199171336201,-1.14738619154614,0.381295200405205,0.533183729159162,-0.600434928542789,0.259076208813982,-0.243883243226071,0.816487233223288
"P36543",0.0846477947854865,-1.24331769640437,0.0997418535562536,0.25729596393472,0.239313397636977,-0.159334667135265,-0.185901862530384,0.907555216156583
"P37802",0.979622103847223,1.01323337152499,0.0232215902528796,0.951363425478858,0.639586525142138,-2.61529259182804,0.198098930724831,-1.18983335514288
"P38117",0.0163476164887686,0.0675869770157806,0.458061478177655,-0.565181561373534,0.013936083687434,-0.137169658602816,-0.442674703594879,0.58909376820159
"P39023",-2.88753776820366,0.45896255892156,0.345357164795943,-0.807460875599443,0.0573566012394475,0.859035557038647,0.771731620874031,1.20255514093347
"P39023, Q92901",-0.329740147057159,0.86129721370715,1.17358339624373,-1.48306678409241,-0.00718608250223035,-1.77541183800154,0.408079944965106,1.15244429673735
"P39060",-0.330693183672767,1.53322714572635,-0.0846209674636573,-0.543319662727261,0.206662437882237,-0.696885634486206,1.36869918404144,-1.45306931930014
"P41250",-1.0207963356862,-0.647424158100511,0.239990141683448,-0.193435843126783,-0.89679246514386,0.0372215855623768,1.1773927592655,1.30384431554603
"P42167",-0.852920308222642,0.199354388582818,0.396349756576384,-0.542607229059177,0.481997493827331,-0.444421547802575,-0.492833083465179,1.25508052956304
"P42285",-0.919332357621716,-0.00651350237787174,0.383713068656436,-0.469969988933231,0.653658733718924,-0.108915886845142,-0.0774355987096749,0.544795532112277
"P43246",-0.691244905924868,-0.0960049073554295,0.288952931133026,-0.907848002616362,-0.0211432052572682,-0.158431088746922,0.815507733109466,0.770211445658357
"P46087",-0.734237234379271,0.0694425647278054,0.503414498690392,-0.936929369094073,0.506984774072008,-0.829624601004041,0.0835730479589988,1.33737631902818
"P46940",-0.711880924858334,-0.242347858523078,0.248157706931852,0.06154909639429,0.613256892841824,0.106663227939044,-0.241033167419319,0.165635026693722
"P47897",-0.604031886069269,0.377914297902037,0.949714679290318,-0.90996927453203,-0.752573491039853,0.175010453608539,0.139871368975981,0.624063851864278
"P48643",-0.410610092056994,0.273422383236389,0.785080466675617,-0.887408807204765,-0.223604991880594,-0.830639534867351,0.464676962533144,0.829083613564554
"P49662, P51878",0.254215120788008,0.146164699212154,0.590699224776701,-0.404405658815955,-0.919661748646321,0.415592920565471,0.255937677473739,-0.338542235353797
"P49736",-1.81865433099774,-0.110394536857534,0.299772967238218,-1.56191301762787,0.486277276962563,0.21136670339425,0.946716812701764,1.54682812518635
"P49915",-1.22429191311421,-0.0148379699366327,0.777284201830866,-1.18593703690758,-0.127925394082539,-0.55473959739029,1.17196801595492,1.15847969364546
"P50135",1.0708511293416,0.646282563803263,2.12612432748411,-1.10783217156357,-0.738762349436455,-0.469457018789632,-0.516242340115327,-1.01096414072399
"P50453",-0.514914734675069,0.130096877213883,-0.0442651876290947,-1.59519298861433,-0.433712718935067,-0.654845158335344,2.38300323264964,0.729830678325389
"P50552",-0.445547768848359,0.422132918471653,0.706405119572598,0.13225351308605,-0.202402033072478,0.323017060424017,0.102933829017524,-1.03879263865101
"P50851",-0.124475685233249,0.400885494027684,0.394522169951998,-0.769219932981609,0.19111308004438,-0.111418555611228,-0.700172707221868,0.718766137023892
"P52272",-1.17469803055111,0.475748353849067,0.567334121862471,-0.390653615564629,0.0615635391370528,-0.676042199655075,0.422120818500593,0.714627012421628
"P52789",-0.741053550277282,-0.192100849761745,0.713288524770229,-0.17695989230018,0.0217124075612193,0.148580575422342,0.0450973329122721,0.181435451673146
"P53396",-1.26981321502621,0.0855920153209576,0.440805636459464,-0.0530331354804167,-1.11362716456505,-0.0729393220471448,0.734770381097163,1.24824480424124
"P53634",-1.38842075300258,-1.06137315686054,0.104899866275348,-1.01700228877231,1.13969000104338,0.601498889792141,-0.508759141666944,2.12946658319151
"P53675, Q00610",-0.818091985492082,0.34640986175738,0.533533788526302,-0.353177498636661,-0.997751425109546,0.722836143809805,0.201156313243571,0.36508480190123
"P55084",-0.560943773754163,0.525206362693047,0.325449697640622,-0.347836856395221,-0.668050793140045,0.217255024720072,0.0188703746499701,0.490049963585718
"P57088",-1.46110374313582,0.216524788323391,0.327504165766431,-0.0426389086985048,-0.515306929304913,0.779211723581197,0.0399555588488367,0.655853344619377
"P60842",-0.921983922474879,0.0148565271019878,0.534772732497677,-0.427633867116411,-0.128934042520864,-0.280694845347775,0.322772653449962,0.886844764410302
"P61204, P84077",-0.350897710246963,0.15216866670232,0.602273948034329,-0.554134872465589,-0.210657909672298,-0.135151929176295,-0.166602245255587,0.663002052080083
"P61978",-0.409403682610922,0.178288468861402,0.144889833496789,0.17551212163055,0.317785554271835,-1.07654841663459,0.108180519773608,0.56129560121133
"P62191",-0.920911694110915,-0.163613734354117,1.02702881622068,-0.538278891563398,-0.394967160677317,0.406080353337706,-0.21066564823831,0.795327959385675
"P62805",-1.37737580408849,0.0265207501236402,0.450243522221182,-0.891690735025805,0.535604898744398,-0.0910475293378108,0.307667224563194,1.04007767279969
"P68104, Q05639, Q5VTE0",-0.879181767703533,-0.0251659672029643,1.09930641125365,-0.0159221452691822,0.448326661716286,-1.31605347737538,0.368300571206824,0.320389713374301
"P68363, P68366, Q71U36, Q9BQE3",-0.478492845551507,0.186869857814717,0.695792824338969,-0.968998017503544,-0.11630623525869,-0.0491936060702242,0.000894603445143416,0.729433418785137
"P78527",-1.33932998768634,0.501747191309896,0.818372746914537,-0.738994436883427,0.13157649779093,-0.896713010763532,0.529209181534078,0.994131817783863
"P85037",-1.07280316442506,0.482721932929258,0.323535637135799,-0.563555324473461,0.311544632545117,-0.391067456694829,0.250661932301118,0.65896181068206
"P98160",-0.34062982688668,1.02649908902619,0.634248730683678,-0.203220086656345,-0.185547976795268,-0.631974481199452,0.704989723082569,-1.00436517125469
"P99999",-0.86410093031551,-0.0454439795268138,0.00117899916042452,-0.473693891153805,0.136008896894013,0.0245428155944636,0.11844770360156,1.10306038574567
"Q00765",-0.660633337189421,-0.49868529565608,0.403368969683366,-0.710351592298543,1.04076573597216,0.0195044207288265,-0.16355461220845,0.569585710968142
"Q01082",-0.0917622839446783,-0.424324127734005,0.861172958341777,-0.452434172494442,-0.114782946171202,-0.406897485831572,0.523456819630366,0.105571238203758
"Q01813",0.293577709972711,-0.121653871730065,1.40502646701018,-0.115549443169471,0.302228433500767,-0.444083598404256,-0.600800525969177,-0.718745171210686
"Q02543",-0.947053289768753,-0.261676972534955,0.814645560004634,-1.20573228806343,-0.290100294640516,0.415119847930671,0.257089508890925,1.21770792818142
"Q04671",-0.827982334208866,-1.31953459704278,-1.46403491708996,-0.0943862316408848,0.758132962066101,1.41620973493873,-0.531175472589988,2.06277085556765
"Q12846",0.0752478927420119,0.133845576684636,0.221156689627608,-0.207241829688075,0.0232430629136049,-0.443830317676436,-0.0230550296902452,0.220633955086895
"Q12996",-1.00067827287916,-0.0102933440504998,0.489680084410416,-1.03513524177331,-0.156153748751534,0.860863340302255,0.154586695696121,0.697130487045715
"Q13418",-0.660662390486999,0.898124118214714,0.0294133378664045,-1.2925377141221,-0.605828232257699,0.613941422288315,1.32997437571258,-0.312424917215223
"Q13423",-0.818573212827756,0.237514157265951,0.933090348123534,0.271888085994872,0.020855294247466,-0.05539404209043,-0.239566683454145,-0.349813947259493
"Q13610",-0.545022796036811,-0.135966473056934,0.792992291334609,-1.70811011873962,0.0301995270212009,-0.43473690535196,0.530375910902126,1.47026856392739
"Q13618",-0.297440603189139,-0.434175325732618,0.708610627777749,-0.755428842479639,-0.101138785520727,-0.264435981713432,0.100932558084678,1.04307635277313
"Q13813",1.64123779509008,-0.504490902066373,0.940233159212976,-1.51572292617528,-0.0749674863386438,-1.24194794662346,0.208728974774359,0.546929332126335
"Q13938",2.32489382277372,-0.0762622776665244,0.527463182789985,2.04615564347468,1.0123170826265,-0.950508854136775,-2.3340307562501,-2.55002784361149
"Q14166",-1.33925822245526,0.848727222718016,0.713819763576685,-0.455722681826399,-0.341511126935845,-0.945570239380607,0.350191959217697,1.16932332508571
"Q14204",-1.12075881436731,0.0104354445493972,0.793335970809108,-0.272376054601533,-0.12081441859824,-0.221618844102824,0.137852314115247,0.793944402196154
"Q14451",-0.789827040254911,0.178468141956307,-0.0833270454691483,-0.145234034180315,-0.378157834070131,-0.270617249452534,0.979791082489195,0.508903978981537
"Q14697",-1.15468368272411,-0.00124243806361535,1.00264708968796,-1.50930152046725,0.154004371983292,-0.0282293746527347,0.877319780438375,0.659485773798085
"Q14929",-0.0927458323096988,-0.0955751351153089,1.68158091894269,-0.669136616594569,0.699206462216994,-0.9646200906705,-0.457471614952277,-0.101238091517327
"Q15149",-0.109259156781871,-0.214757289664822,0.224703630814227,0.77723836195316,-0.0135457359659104,0.0860705683808267,-0.180779757911571,-0.56967062082404
"Q15459",-0.623042257450159,-0.135506744553021,-0.0775725499912363,-0.115515280706289,0.230129554759118,0.0851768876460275,-0.0203080441813104,0.656638434476871
"Q15637",0.291843959104515,0.034580100545746,0.0677634248569643,-0.318673414612217,0.198031641494574,-0.51903540564609,-0.340600634575534,0.586090328832042
"Q15746",0.776853594118722,-0.0598939875637088,-0.986132813521549,-1.75638551226702,0.018119433186345,1.55794174520221,1.4731795317864,-1.0236819909414
"Q16531",-1.38288265762108,0.302772400236049,0.553750127654767,-0.414346782841085,0.0607451282082718,-0.260932854686722,0.186038513413391,0.954856125636412
"Q3MIR4, Q9NV96",0.265321687950725,0.451029562652382,0.286978662156186,-0.356190395248205,0.4044387854426,0.0452358356446734,-0.65008641076723,-0.446727727831131
"Q3YEC7",-0.291027690374136,-0.23360562898395,0.582548366619573,-0.310398634539608,-0.0790406144526001,-0.0216903597078064,-0.591207838654658,0.944422400093186
"Q49MG5",-0.672326899491429,-0.531779014674905,0.71677064507572,-0.53955136913441,-0.63521423267794,0.139208166520946,0.488350046632803,1.03454265774922
"Q6P1L8",-0.262893996999701,0.2518185888052,0.775029478972568,-1.07475941326353,0.0582019093214997,-1.36153855900961,0.423031304289391,1.19111068788419
"Q6WKZ4",-0.5421131731347,-0.243249695585568,0.681529951567225,0.0627209745985807,-1.00159797059803,-0.0809299949715085,-0.448247836266681,1.57188774439068
"Q70J99",-0.718808706480168,2.28641072843133,2.20096592647116,-1.57747697440377,-0.809988471814944,-0.919115217684541,-1.1851742028685,0.723186918349418
"Q7L576, Q96F07",-1.14935119488783,0.0177917400002425,0.543723644766611,-0.328144174922463,-0.118652548762345,0.278438895593736,0.172054101192124,0.584139537019922
"Q7L5N7",-0.739703973866638,0.971081583570917,0.460537475176753,-0.614565078198539,-0.476575677909843,0.202726616106112,-0.114574254308796,0.311073309430034
"Q7LBR1",-0.584921014830319,0.0164540149018693,0.0673965115572739,-0.278341032720609,0.258683922838108,-0.645366363655904,0.505322698302833,0.660771263606748
"Q7Z406",0.262075969189423,0.214522792436338,-0.149339184267817,0.539251479732204,-0.677473184327083,0.0568149537797809,-1.10035175494186,0.854498928399019
"Q7Z6Z7",-0.962684323017817,0.285486443980772,0.368102908755721,-0.422533291802773,-0.442471313526599,0.779955824987548,-0.0623724436734386,0.456516194296587
"Q86VS8",1.15876697207026,-0.557642210109352,-0.201583905750953,0.369148195302019,-0.00828150618028034,-0.208370203748958,-0.631435285961729,0.0793979443789981
"Q8IUX7, Q8N436",-0.79560865290769,-0.293914540816307,-0.430382489241549,-0.942993914761838,0.182341869358206,0.845584841141576,2.20227743450991,-0.767304547282303
"Q8N1F7",-1.26014737762142,0.327386206773499,0.786580499663804,-1.06736509276987,-0.135920548105491,0.318301695175949,0.107910055887124,0.923254560996407
"Q8N4T8",0.465561557869981,1.20135120912148,0.166060963850005,-0.869704212939159,-0.45921245809785,-0.333467561435505,-0.310738503941113,0.140149005572159
"Q8N766",-0.893341189109062,-0.0426737591306277,0.560119872871858,-0.485109511234106,0.0220907604121388,0.354527726616833,0.229887613253474,0.254498486319491
"Q8TBC4",-0.354986022375368,0.164755534520086,0.5923755965699,0.214788551572365,-0.387946683521275,-0.0677347197283389,-0.300152312963801,0.138900055926429
"Q8TE68",0.0549063625564712,-0.443183896795931,-0.266262427679006,-0.135582242432131,0.260107690927806,0.863899568890684,0.0430361636845673,-0.376921219152461
"Q8TE77",0.134028332296108,0.349712798391373,0.45411345509282,-0.0273269404218759,0.202442359878729,-0.301596608238055,-2.00700890617571,1.19563550917661
"Q8TEX9",-0.0422561410735169,-0.474905704004177,1.33609291568554,0.562223106264839,-0.170215139607229,-1.5298610548582,-0.213673236591098,0.532595254183843
"Q8WUY1",-0.000602388422222822,0.905036630080148,0.668259777315988,-0.701911291382098,-0.944626829744914,-0.674414850466652,0.189758162047106,0.558500790572645
"Q8WZA9",0.726986004397276,-0.862895155488184,0.462818567923812,-0.255488692161451,-0.667901614085995,0.0630377961598705,0.14496814832029,0.388474944934381
"Q92542",0.42778342499602,-0.521102055997364,0.584687723779899,0.334519826210568,-0.337490870074143,0.380072047672549,-0.502447498814226,-0.366022597773302
"Q92626",-1.05754457754006,1.13526663017023,0.213715751060791,-0.559847848397309,-0.178880619610197,-0.0511927756711045,0.411567803951432,0.0869156360362098
"Q92878",-1.27487182494927,0.803243424527449,0.523086032099941,-0.281604832559123,0.614551975155041,-0.623751109599827,0.235051118753976,0.00429521657181126
"Q92879",-0.38785585801644,0.526252877772627,0.57657392770537,-1.2130532511538,-0.934798441312644,-0.264421142125445,0.91066539287339,0.786636494256946
"Q969G5",1.15436907100449,0.0216622662279444,-0.546126170659405,-1.05214048749325,0.253471488486485,0.304142264852786,0.224212576440338,-0.359591008859389
"Q969T9",-0.491433201430451,-0.14074666114227,-0.210165454254282,0.295632103037177,-0.296308530076936,1.0600941389909,-0.0759370571607267,-0.141135337963417
"Q96AA3",-0.855153021898017,0.561526736561346,0.645881713705025,-0.477921261954846,0.00374003780935406,-0.548814588898411,0.322113647994051,0.348626736681499
"Q96EY8",-0.29024110756825,0.299334190350448,-0.147528860676806,0.220895920776325,0.0466460939175216,-0.555092567589325,-0.509712822129743,0.935699152919829
"Q96KP1",-0.619875765858546,0.176637126425883,0.426756763335427,-0.162182699120773,-0.106547394229876,0.272030070572836,-0.347405206545691,0.36058710542074
"Q96P48",-0.797419079196831,-0.370371794489936,0.810816616288057,-0.384133281172261,0.0823131940046652,-0.533971339403074,0.462805130186309,0.729960553783071
"Q96S44",-0.9229573504465,0.308927700083537,0.0802605809392715,-0.938617581619201,-0.0293169885358034,0.378701071797873,0.365600427948474,0.757402139832348
"Q99459",-1.45233435378644,-0.0967220146462429,0.354237848232974,-0.975252300592837,0.317201244179817,0.535074531712482,0.757964635423458,0.559830409476793
"Q99623",-1.46606829201068,-0.00331973148047793,0.419673331434989,-0.642635188577556,0.479051317779827,0.187330477429252,0.226667705864496,0.799300379560154
"Q99715",-0.929081382516419,0.0576063495005983,-0.634059538849837,-0.628416053721594,-0.103506439982115,0.759250842988519,3.10435787226149,-1.62615164968064
"Q9BQ04, Q9BWF3",-1.27507581408799,0.337585609203706,0.437057540299757,-0.69792198163479,0.2472074362648,-0.136097796473911,0.563229126359894,0.524015880068535
"Q9BSJ8",-0.422390317152254,0.483464677192718,1.30977979931859,-0.401036771889762,-0.549587754675203,-0.754652763377213,0.317799715050873,0.016623415532247
"Q9BUJ2",-0.664158968404958,0.235745226108765,0.5311320340519,-0.348030188556033,-0.484460354114717,0.186282466063915,-0.0942152055285845,0.637704990379713
"Q9BUQ8",-1.84315439676974,-0.0594739746096515,0.597328855849296,-0.580421894635223,0.0212706695562379,0.150992737168225,0.321662253419606,1.39179575002125
"Q9BV44",-0.208878942746792,0.395707326272923,-0.0395605958097557,-0.72373233872051,-0.209483738670539,-0.104286114489986,0.769130775726495,0.121103628438165
"Q9BW04",2.70839133220384,-0.311762460403167,0.042016322512834,1.32512036813081,-1.95478140647282,-0.871269194552888,-0.681948578064594,-0.255766383354013
"Q9BXJ9",-1.28117049221528,0.341289398161441,1.24303670909459,-3.48118450611729,-0.483387075209734,1.47440485552775,1.08141399531824,1.10559711544026
"Q9BYC9",-1.27190747131937,0.536788487626521,0.856225851976504,-0.681002291376601,-0.448210731347093,-0.339434436212006,0.384475638116799,0.963064952535253
"Q9H0C8",-1.09467197311588,0.4600163737893,0.287093311115496,-1.30592345352822,0.527171454975659,-0.515108806097856,0.163495839005233,1.47792725385626
"Q9H0D6",-0.345292976619967,0.738165213805849,0.437295566695574,-0.189056489308512,0.374468143746397,-2.20227479876035,0.414762883496352,0.771932456944658
"Q9H2P0",-0.293468198389827,0.406128334044457,0.305189430655448,-0.537858894805752,0.5327832399327,-1.6259601702409,0.389341887944247,0.823844370859629
"Q9H3K2",-0.898348693866743,0.972446806646973,0.46548426532285,-0.315906737732021,0.354292712969438,-0.454147455421018,-0.192512108341162,0.0686912104216832
"Q9H583",-1.58483504865502,0.0708115754747205,0.0407975903425256,-1.48300049444678,-0.200324805806672,1.76078593667851,0.695894375418017,0.699870870994702
"Q9H5N1",0.614888122739257,-0.402876007968921,0.682122728170901,0.210519438225114,-0.346423446929388,-0.0279610819682454,-0.857575774294592,0.127306022025875
"Q9HBL0",-0.453711917261047,0.650734614929413,-0.776886152678772,-1.23450523916917,0.196034048572099,1.07815232555392,1.2685094885882,-0.728327168534642
"Q9NPQ8",-0.458713004883905,0.370509517681131,0.551060217169927,-0.771350106925097,-0.27333528030156,-0.215884219887443,0.42089099482627,0.376821882320676
"Q9NUU7, Q9UMR2",-0.584364423840143,0.606615908632043,1.18004364353977,-1.58151073160995,-0.40753421740185,-0.430947894697845,0.362135781770534,0.855561933607437
"Q9NVP1",-1.99533366617179,0.296197619585559,0.543276886327372,-2.3066760868898,0.518667299623892,0.901319333398761,0.691011821176829,1.35153679294918
"Q9NYL9",1.10560989819094,-0.152271870998601,0.20147020117771,-0.505769035122868,-0.627201085208001,-0.185535815813772,0.0506553581009872,0.113042349673605
"Q9NZJ7",-0.549427850863475,1.12062566321838,0.70937775316935,-0.679698041202379,-0.627884420141346,-0.337797882251023,-0.0996210121961171,0.464425790266607
"Q9NZM1",-0.427327241753659,0.427010439536394,0.8667019368119,-0.779145411947857,0.393056651505788,-0.495663441142463,-0.0226314384488552,0.0379985054387536
"Q9P0M6",-1.02520045840484,0.699163577634523,1.14496480735665,-0.656383571039024,-0.249257359750008,-0.288518542301448,0.308129910202041,0.0671016363021102
"Q9UBX3",-0.0693018402758667,0.366004436365214,0.113202320750012,-1.6336048694495,-0.627046456213729,0.901070773196334,0.397887325638036,0.551788309989497
"Q9UDY2",-0.944902931583774,0.715700783622425,0.564300058069366,-0.0952120089211811,-1.25407504349931,-0.172238020615647,0.273562743450422,0.912864419477701
"Q9UHL4",-0.911576143434705,0.515104530707664,-1.88590451105751,-0.265636496310687,0.512544833624807,0.234592469530107,0.213981168556615,1.58689414838371
"Q9UIA9",-0.678261032832128,0.0605083241719834,0.720078960157255,-1.26622346828837,0.143762152673662,0.0906822847528634,-0.537620486665649,1.46707326603039
"Q9UJS0",-0.463845436713837,-0.312988307800305,0.113408380794054,-0.440027042401126,0.300738414182887,0.264210641243303,-0.189529414142805,0.72803276483783
"Q9UJX3",0.101152575307758,0.109166330267744,-0.0835669172413935,1.16362932102449,-0.0928657843345155,-0.435331397458983,0.841533872388062,-1.60371799995316
"Q9UK45",-0.674412159166572,-0.104344668274057,0.261697269356799,0.0498036273583686,-0.497533619633311,0.0604604036788596,0.430915646356968,0.473413500322943
"Q9UPN3",-1.03637940631149,-0.460847739490488,0.35052553462914,-0.188307506561187,-0.631885910697251,0.00624169775358946,0.253032678674922,1.70762065200276
"Q9Y2B0",0.302704573873635,-0.11804738216574,0.547906828667637,-0.918542472810695,-0.264036470305305,0.0146447202027468,-0.293329352071626,0.728699554609348
"Q9Y315",-0.797034677534747,-0.222613953116339,0.210821180786599,-0.72960558992963,0.354562585627411,0.897797985236655,-0.351506509437039,0.63757897836709
"Q9Y3A5",-0.902614390045014,0.010554973853851,0.0620969711937732,-0.540176779604634,-0.0681768890934404,-0.0266671813837658,0.449153921460617,1.01582937361861
"Q9Y3I0",-0.842061322820007,0.0312767804833278,0.388662671551615,-0.664363927466224,0.145926317508457,-0.415287487657327,0.49599552602401,0.859851442376148
"Q9Y6C2",1.62891706892178,0.260657873997958,-1.52684549579724,-1.62177002193888,1.10110969569585,1.33114708769854,1.99093062024476,-3.16414682882277
